,accuracy,n_features,kind,removed_feature
0,1.0,372,cluster_0,F0_mean
1,1.0,372,cluster_1,percent_creak
2,1.0,372,cluster_2,IH_sF4_max
3,1.0,371,cluster_0,F0_10
4,1.0,371,cluster_1,EH_sF4_mean
5,1.0,371,cluster_2,F0_mean
6,1.0,370,cluster_0,IH_sF3_max
7,1.0,370,cluster_1,IH_sF3_mean_dist
8,1.0,370,cluster_2,AH_sF4_mean
9,1.0,369,cluster_0,IH_sF3_mean
10,1.0,369,cluster_1,K_avg_dur
11,1.0,369,cluster_2,AE_sF3_max
12,1.0,368,cluster_0,F0_90
13,1.0,368,cluster_1,EH_sF2_mean_dist
14,1.0,368,cluster_2,AH_sF4_min
15,1.0,367,cluster_0,IH_sF4_mean
16,1.0,367,cluster_1,IH_avg_dur
17,1.0,367,cluster_2,spectral_S_skew
18,1.0,366,cluster_0,AH_sF3_mean
19,1.0,366,cluster_1,F0_10
20,1.0,366,cluster_2,AH_sF3_max
21,1.0,365,cluster_0,IH_sF2_mean
22,1.0,365,cluster_1,spectral_DH_intensity
23,1.0,365,cluster_2,IY_sF1_mean
24,1.0,364,cluster_0,IH_sF3_min
25,1.0,364,cluster_1,AE_sF3_min
26,1.0,364,cluster_2,IH_sF4_mean
27,1.0,363,cluster_0,AH_sF3_max
28,1.0,363,cluster_1,EH_sF4_mean_dist
29,1.0,363,cluster_2,AY_sF4_min_first
30,1.0,362,cluster_0,IH_sF4_min
31,1.0,362,cluster_1,IH_sF4_mean_dist
32,1.0,362,cluster_2,spectral_S_duration
33,1.0,361,cluster_0,IH_sF4_max
34,1.0,361,cluster_1,spectral_DH_kurt
35,1.0,361,cluster_2,spectral_S_cog
36,1.0,360,cluster_0,AH_sF4_mean
37,1.0,360,cluster_1,IH_sF3_max
38,1.0,360,cluster_2,AY_sF4_min_third
39,1.0,359,cluster_0,IY_sF4_mean
40,1.0,359,cluster_1,EH_sF1_min
41,1.0,359,cluster_2,IH_sF3_max
42,1.0,358,cluster_0,AH_sF4_min
43,1.0,358,cluster_1,IH_sF3_mean
44,1.0,358,cluster_2,AE_sF3_mean
45,1.0,357,cluster_0,IY_sF3_max
46,1.0,357,cluster_1,spectral_DH_skew
47,1.0,357,cluster_2,F0_10
48,1.0,356,cluster_0,IY_sF3_mean
49,1.0,356,cluster_1,spectral_JH_duration
50,1.0,356,cluster_2,AH_sF3_mean
51,1.0,355,cluster_0,IY_sF2_max
52,1.0,355,cluster_1,spectral_JH_cog
53,1.0,355,cluster_2,IH_sF3_mean
54,1.0,354,cluster_0,AH_sF3_min
55,1.0,354,cluster_1,AH_sF3_mean
56,1.0,354,cluster_2,UW_sF4_min
57,1.0,353,cluster_0,IH_sF2_min
58,1.0,353,cluster_1,IH_sF1_mean
59,1.0,353,cluster_2,F0_90
60,1.0,352,cluster_0,AE_sF4_mean
61,1.0,352,cluster_1,IH_sF1_max
62,1.0,352,cluster_2,AH_sF4_max
63,1.0,351,cluster_0,AE_sF4_min
64,1.0,351,cluster_1,IY_sF3_min
65,1.0,351,cluster_2,AE_sF3_min
66,1.0,350,cluster_0,AE_sF2_min
67,1.0,350,cluster_1,IY_sF3_mean
68,1.0,350,cluster_2,IH_sF1_mean
69,1.0,349,cluster_0,AY_sF4_min_first
70,1.0,349,cluster_1,F0_mean
71,1.0,349,cluster_2,IH_sF1_max
72,1.0,348,cluster_0,IY_sF4_max
73,1.0,348,cluster_1,IH_sF2_mean_dist
74,1.0,348,cluster_2,IH_sF4_min
75,1.0,347,cluster_0,IY_sF4_min
76,1.0,347,cluster_1,IH_sF3_min
77,1.0,347,cluster_2,IH_sF2_mean
78,1.0,346,cluster_0,IY_sF3_min
79,1.0,346,cluster_1,spectral_F_cog
80,1.0,346,cluster_2,AH_sF3_min
81,1.0,345,cluster_0,F0_std
82,1.0,345,cluster_1,IY_sF1_mean_dist
83,1.0,345,cluster_2,AY_sF4_mean_third
84,1.0,344,cluster_0,AY_sF4_min_third
85,1.0,344,cluster_1,UW_sF2_max
86,1.0,344,cluster_2,AY_sF4_mean_first
87,1.0,343,cluster_0,IY_sF2_mean
88,1.0,343,cluster_1,W_avg_dur
89,1.0,343,cluster_2,IH_sF3_min
90,1.0,342,cluster_0,IH_sF2_max
91,1.0,342,cluster_1,IH_sF2_mean
92,1.0,342,cluster_2,UW_sF3_min
93,1.0,341,cluster_0,IH_sF2_mean_dist
94,1.0,341,cluster_1,AY_sF1_max_first
95,1.0,341,cluster_2,AH_avg_dur
96,1.0,340,cluster_0,AH_sF2_max
97,1.0,340,cluster_1,UW_sF2_min
98,1.0,340,cluster_2,AX_sF3_min
99,1.0,339,cluster_0,AE_sF3_min
100,1.0,339,cluster_1,EH_sF2_max
101,1.0,339,cluster_2,IY_sF4_mean
102,1.0,338,cluster_0,AY_sF2_min_first
103,1.0,338,cluster_1,F0_90
104,1.0,338,cluster_2,IH_sF2_max
105,1.0,337,cluster_0,AY_sF2_min_third
106,1.0,337,cluster_1,EH_avg_dur
107,1.0,337,cluster_2,IY_sF4_min
108,1.0,336,cluster_0,F0_range
109,1.0,336,cluster_1,spectral_JH_sdev
110,1.0,336,cluster_2,IY_sF4_max
111,1.0,335,cluster_0,AY_sF1_min_first
112,1.0,335,cluster_1,AH_sF2_mean_dist
113,1.0,335,cluster_2,AX_sF1_min
114,1.0,334,cluster_0,AY_sF1_min_third
115,1.0,334,cluster_1,IY_sF2_mean
116,1.0,334,cluster_2,AX_sF3_mean
117,1.0,333,cluster_0,AY_sF1_mean_third
118,1.0,333,cluster_1,AY_sF1_max_third
119,1.0,333,cluster_2,AX_sF3_max
120,1.0,332,cluster_0,AY_sF1_mean_first
121,1.0,332,cluster_1,spectral_Z_skew
122,1.0,332,cluster_2,IY_sF1_min
123,1.0,331,cluster_0,EH_sF4_mean
124,1.0,331,cluster_1,spectral_JH_skew
125,1.0,331,cluster_2,AX_sF4_min
126,1.0,330,cluster_0,UW_sF3_mean
127,1.0,330,cluster_1,R_avg_dur
128,1.0,330,cluster_2,UW_sF4_mean
129,1.0,329,cluster_0,AE_sF3_max
130,1.0,329,cluster_1,IY_sF2_max
131,1.0,329,cluster_2,AY_sF1_max_first
132,1.0,328,cluster_0,EH_sF4_max
133,1.0,328,cluster_1,AO_sF3_mean_dist
134,1.0,328,cluster_2,UW_sF1_max
135,1.0,327,cluster_0,spectral_TH_intensity
136,1.0,327,cluster_1,spectral_DH_cog
137,1.0,327,cluster_2,OW_sF4_min_third
138,1.0,326,cluster_0,IY_sF2_mean_dist
139,1.0,326,cluster_1,AH_sF3_min
140,1.0,326,cluster_2,OW_sF4_min_first
141,1.0,325,cluster_0,AH_sF4_max
142,1.0,325,cluster_1,AE_sF2_mean_dist
143,1.0,325,cluster_2,UW_sF1_mean
144,1.0,324,cluster_0,EH_sF1_mean
145,1.0,324,cluster_1,IY_sF3_max
146,1.0,324,cluster_2,AY_sF1_max_third
147,1.0,323,cluster_0,EH_sF4_mean_dist
148,1.0,323,cluster_1,AH_sF1_min
149,1.0,323,cluster_2,AY_sF2_max_third
150,1.0,322,cluster_0,UW_sF1_max
151,1.0,322,cluster_1,N_avg_dur
152,1.0,322,cluster_2,spectral_V_intensity
153,1.0,321,cluster_0,IH_sF1_max
154,1.0,321,cluster_1,AE_sF3_mean_dist
155,1.0,321,cluster_2,AY_sF2_max_first
156,1.0,320,cluster_0,UW_sF2_max
157,1.0,320,cluster_1,AH_sF3_max
158,1.0,320,cluster_2,AH_sF2_max
159,1.0,319,cluster_0,spectral_S_cog
160,1.0,319,cluster_1,EH_sF1_max
161,1.0,319,cluster_2,AE_sF4_min
162,1.0,318,cluster_0,N_avg_dur
163,1.0,318,cluster_1,spectral_DH_duration
164,1.0,318,cluster_2,UW_sF3_mean
165,1.0,317,cluster_0,UW_sF3_max
166,1.0,317,cluster_1,AY_sF1_min_first
167,1.0,317,cluster_2,EY_sF4_max_third
168,1.0,316,cluster_0,IY_sF1_mean
169,1.0,316,cluster_1,M_avg_dur
170,1.0,316,cluster_2,AE_sF2_mean
171,1.0,315,cluster_0,EH_sF3_max
172,1.0,315,cluster_1,AY_sF1_mean_third
173,1.0,315,cluster_2,EY_sF4_max_first
174,1.0,314,cluster_0,AH_sF2_mean
175,1.0,314,cluster_1,AH_avg_dur
176,1.0,314,cluster_2,EY_sF4_mean_first
177,1.0,313,cluster_0,IY_sF1_max
178,1.0,313,cluster_1,F0_range
179,1.0,313,cluster_2,EY_sF4_mean_third
180,1.0,312,cluster_0,UW_sF1_mean
181,1.0,312,cluster_1,AH_sF2_max
182,1.0,312,cluster_2,EY_sF4_min_third
183,1.0,311,cluster_0,AY_sF4_mean_third
184,1.0,311,cluster_1,F0_std
185,1.0,311,cluster_2,EY_sF4_min_first
186,1.0,310,cluster_0,AY_sF4_mean_first
187,1.0,310,cluster_1,EH_sF1_mean_dist
188,1.0,310,cluster_2,AY_sF2_min_first
189,1.0,309,cluster_0,AA_sF3_min
190,1.0,309,cluster_1,AY_sF1_min_third
191,1.0,309,cluster_2,AY_sF2_min_third
192,1.0,308,cluster_0,AX_sF3_min
193,1.0,308,cluster_1,AY_sF1_mean_first
194,1.0,308,cluster_2,AH_sF1_max
195,1.0,307,cluster_0,spectral_S_kurt
196,1.0,307,cluster_1,spectral_JH_kurt
197,1.0,307,cluster_2,AA_sF3_min
198,1.0,306,cluster_0,EY_sF3_mean_first
199,1.0,306,cluster_1,spectral_Z_cog
200,1.0,306,cluster_2,AY_sF4_max_third
201,1.0,305,cluster_0,IH_avg_dur
202,1.0,305,cluster_1,IH_sF4_mean
203,1.0,305,cluster_2,AY_sF4_max_first
204,1.0,304,cluster_0,AX_sF3_mean
205,1.0,304,cluster_1,AO_sF3_min
206,1.0,304,cluster_2,IY_sF1_max
207,1.0,303,cluster_0,AH_avg_dur
208,1.0,303,cluster_1,AY_avg_dur
209,1.0,303,cluster_2,OW_sF4_mean_first
210,1.0,302,cluster_0,AH_sF3_mean_dist
211,1.0,302,cluster_1,EH_sF4_max
212,1.0,302,cluster_2,UW_sF2_mean_dist
213,1.0,301,cluster_0,OW_sF3_mean_first
214,1.0,301,cluster_1,IH_sF4_min
215,1.0,301,cluster_2,AX_sF1_mean
216,1.0,300,cluster_0,IY_sF1_mean_dist
217,1.0,300,cluster_1,spectral_F_intensity
218,1.0,300,cluster_2,AE_sF4_mean
219,1.0,299,cluster_0,OW_sF3_max_third
220,1.0,299,cluster_1,EH_sF1_mean
221,1.0,299,cluster_2,AH_sF2_mean
222,1.0,298,cluster_0,OW_sF3_max_first
223,1.0,298,cluster_1,AH_sF3_mean_dist
224,1.0,298,cluster_2,AE_sF2_min
225,1.0,297,cluster_0,IH_sF1_min
226,1.0,297,cluster_1,spectral_SH_cog
227,1.0,297,cluster_2,OW_sF4_max_third
228,1.0,296,cluster_0,IH_sF1_mean
229,1.0,296,cluster_1,ER_avg_dur
230,1.0,296,cluster_2,OW_sF4_mean_third
231,1.0,295,cluster_0,IH_sF3_mean_dist
232,1.0,295,cluster_1,AH_sF4_max
233,1.0,295,cluster_2,OW_sF4_max_first
234,1.0,294,cluster_0,AY_sF1_max_third
235,1.0,294,cluster_1,EH_sF4_min
236,1.0,294,cluster_2,AE_sF2_max
237,1.0,293,cluster_0,spectral_F_sdev
238,1.0,293,cluster_1,UH_sF2_max
239,1.0,293,cluster_2,IH_sF2_min
240,1.0,292,cluster_0,EH_sF1_max
241,1.0,292,cluster_1,UH_sF2_mean
242,1.0,292,cluster_2,AO_sF4_max
243,1.0,291,cluster_0,AE_sF2_max
244,1.0,291,cluster_1,IH_sF2_max
245,1.0,291,cluster_2,IY_sF2_min
246,1.0,290,cluster_0,spectral_S_sdev
247,1.0,290,cluster_1,UH_sF2_min
248,1.0,290,cluster_2,AO_sF4_mean
249,1.0,289,cluster_0,OW_sF3_mean_third
250,1.0,289,cluster_1,EH_sF3_min
251,1.0,289,cluster_2,AO_sF4_min
252,1.0,288,cluster_0,spectral_F_intensity
253,1.0,288,cluster_1,OW_sF2_min_first
254,1.0,288,cluster_2,AX_sF4_mean
255,1.0,287,cluster_0,AY_sF1_max_first
256,1.0,287,cluster_1,AH_sF2_mean
257,1.0,287,cluster_2,spectral_F_duration
258,1.0,286,cluster_0,AE_sF1_mean_dist
259,1.0,286,cluster_1,OW_sF2_min_third
260,1.0,286,cluster_2,EY_sF1_max_third
261,1.0,285,cluster_0,UW_sF2_mean_dist
262,1.0,285,cluster_1,IY_sF2_mean_dist
263,1.0,285,cluster_2,EY_sF1_max_first
264,1.0,284,cluster_0,AY_sF2_mean_third
265,1.0,284,cluster_1,AH_sF4_mean_dist
266,1.0,284,cluster_2,UW_sF4_mean_dist
267,1.0,283,cluster_0,AY_sF2_max_third
268,1.0,283,cluster_1,IY_sF2_min
269,1.0,283,cluster_2,AH_sF1_mean
270,1.0,282,cluster_0,AX_sF4_mean
271,1.0,282,cluster_1,IH_sF2_min
272,1.0,282,cluster_2,spectral_S_intensity
273,1.0,281,cluster_0,AY_sF2_mean_first
274,1.0,281,cluster_1,EH_sF2_min
275,1.0,281,cluster_2,AE_sF1_mean_dist
276,1.0,280,cluster_0,AX_sF4_min
277,1.0,280,cluster_1,IY_sF1_mean
278,1.0,280,cluster_2,AA_sF4_mean
279,1.0,279,cluster_0,AY_sF4_max_third
280,1.0,279,cluster_1,AY_sF3_min_third
281,1.0,279,cluster_2,AA_sF4_min
282,1.0,278,cluster_0,AE_sF2_mean
283,1.0,278,cluster_1,IY_avg_dur
284,1.0,278,cluster_2,AE_sF4_mean_dist
285,1.0,277,cluster_0,spectral_Z_duration
286,1.0,277,cluster_1,AY_sF3_min_first
287,1.0,277,cluster_2,AH_sF1_min
288,1.0,276,cluster_0,AE_sF3_mean
289,1.0,276,cluster_1,AH_sF4_mean
290,1.0,276,cluster_2,OW_sF3_max_first
291,1.0,275,cluster_0,EY_avg_dur
292,1.0,275,cluster_1,spectral_S_skew
293,1.0,275,cluster_2,IH_sF1_min
294,1.0,274,cluster_0,AY_sF2_max_first
295,1.0,274,cluster_1,AY_sF3_mean_first
296,1.0,274,cluster_2,OW_sF3_max_third
297,1.0,273,cluster_0,UW_sF3_min
298,1.0,273,cluster_1,AY_sF3_mean_third
299,1.0,273,cluster_2,OW_sF3_mean_third
300,1.0,272,cluster_0,EY_sF3_mean_third
301,1.0,272,cluster_1,D_avg_dur
302,1.0,272,cluster_2,OW_sF3_mean_first
303,1.0,271,cluster_0,spectral_Z_cog
304,1.0,271,cluster_1,spectral_F_skew
305,1.0,271,cluster_2,G_avg_dur
306,1.0,270,cluster_0,AE_sF4_max
307,1.0,270,cluster_1,IY_sF1_max
308,1.0,270,cluster_2,UW_sF2_mean
309,1.0,269,cluster_0,UW_sF2_mean
310,1.0,269,cluster_1,spectral_S_duration
311,1.0,269,cluster_2,AY_sF2_mean_third
312,1.0,268,cluster_0,UW_sF4_max
313,1.0,268,cluster_1,vowel_avg_dur
314,1.0,268,cluster_2,AY_sF2_mean_first
315,1.0,267,cluster_0,AA_sF1_mean
316,1.0,267,cluster_1,AA_sF4_mean_dist
317,1.0,267,cluster_2,UW_sF3_max
318,1.0,266,cluster_0,AY_sF4_max_first
319,1.0,266,cluster_1,AH_sF1_mean_dist
320,1.0,266,cluster_2,UW_sF4_max
321,1.0,265,cluster_0,AX_sF1_min
322,1.0,265,cluster_1,IH_sF1_mean_dist
323,1.0,265,cluster_2,spectral_Z_cog
324,1.0,264,cluster_0,spectral_DH_intensity
325,1.0,264,cluster_1,UW_sF3_max
326,1.0,264,cluster_2,IY_sF3_mean
327,1.0,263,cluster_0,EH_avg_dur
328,1.0,263,cluster_1,T_avg_dur
329,1.0,263,cluster_2,spectral_TH_sdev
330,1.0,262,cluster_0,EY_sF4_mean_third
331,1.0,262,cluster_1,AY_sF3_max_first
332,1.0,262,cluster_2,IY_sF3_max
333,1.0,261,cluster_0,EY_sF4_mean_first
334,1.0,261,cluster_1,IH_sF1_min
335,1.0,261,cluster_2,AH_sF4_mean_dist
336,1.0,260,cluster_0,EH_sF3_mean
337,1.0,260,cluster_1,IH_sF4_max
338,1.0,260,cluster_2,HH_avg_dur
339,1.0,259,cluster_0,K_avg_dur
340,1.0,259,cluster_1,spectral_DH_sdev
341,1.0,259,cluster_2,IH_sF4_mean_dist
342,1.0,258,cluster_0,EY_sF4_min_first
343,1.0,258,cluster_1,AY_sF3_max_third
344,1.0,258,cluster_2,OW_sF3_min_third
345,1.0,257,cluster_0,spectral_S_duration
346,1.0,257,cluster_1,OW_avg_dur
347,1.0,257,cluster_2,spectral_TH_kurt
348,1.0,256,cluster_0,EY_sF3_min_third
349,1.0,256,cluster_1,spectral_S_sdev
350,1.0,256,cluster_2,OW_sF3_min_first
351,1.0,255,cluster_0,IY_avg_dur
352,1.0,255,cluster_1,spectral_S_kurt
353,1.0,255,cluster_2,UW_sF2_max
354,1.0,254,cluster_0,spectral_S_skew
355,1.0,254,cluster_1,spectral_S_cog
356,1.0,254,cluster_2,IY_sF4_mean_dist
357,1.0,253,cluster_0,AE_sF2_mean_dist
358,1.0,253,cluster_1,AH_sF4_min
359,1.0,253,cluster_2,UW_sF1_mean_dist
360,1.0,252,cluster_0,AH_sF2_min
361,1.0,252,cluster_1,P_avg_dur
362,1.0,252,cluster_2,AA_sF3_mean
363,1.0,251,cluster_0,UW_sF4_mean
364,1.0,251,cluster_1,L_avg_dur
365,1.0,251,cluster_2,AW_sF1_max_third
366,1.0,250,cluster_0,AX_sF3_max
367,1.0,250,cluster_1,G_avg_dur
368,1.0,250,cluster_2,IY_sF1_mean_dist
369,1.0,249,cluster_0,AH_sF1_max
370,1.0,249,cluster_1,NG_avg_dur
371,1.0,249,cluster_2,EH_sF1_mean
372,1.0,248,cluster_0,AE_sF1_mean
373,1.0,248,cluster_1,AH_sF2_min
374,1.0,248,cluster_2,AW_sF1_max_first
375,1.0,247,cluster_0,AX_sF4_max
376,1.0,247,cluster_1,AH_sF1_mean
377,1.0,247,cluster_2,AW_sF1_min_third
378,1.0,246,cluster_0,IY_sF3_mean_dist
379,1.0,246,cluster_1,spectral_Z_kurt
380,1.0,246,cluster_2,AW_sF1_min_first
381,1.0,245,cluster_0,AH_sF1_mean
382,1.0,245,cluster_1,AH_sF1_max
383,1.0,245,cluster_2,AW_sF1_mean_third
384,1.0,244,cluster_0,AX_sF2_max
385,1.0,244,cluster_1,spectral_F_kurt
386,1.0,244,cluster_2,AW_sF1_mean_first
387,1.0,243,cluster_0,spectral_Z_sdev
388,1.0,243,cluster_1,IY_sF4_mean
389,1.0,243,cluster_2,AE_sF3_mean_dist
390,1.0,242,cluster_0,AE_sF1_max
391,1.0,242,cluster_1,EH_sF3_max
392,1.0,242,cluster_2,AY_avg_dur
393,1.0,241,cluster_0,spectral_Z_kurt
394,1.0,241,cluster_1,EH_sF3_mean
395,1.0,241,cluster_2,UW_sF1_min
396,1.0,240,cluster_0,spectral_F_kurt
397,1.0,240,cluster_1,EH_sF3_mean_dist
398,1.0,240,cluster_2,EH_sF2_max
399,1.0,239,cluster_0,EH_sF4_min
400,1.0,239,cluster_1,spectral_F_sdev
401,1.0,239,cluster_2,AX_sF1_max
402,1.0,238,cluster_0,percent_creak
403,1.0,238,cluster_1,spectral_F_duration
404,1.0,238,cluster_2,spectral_TH_intensity
405,1.0,237,cluster_0,spectral_DH_duration
406,1.0,237,cluster_1,EH_sF2_mean
407,1.0,237,cluster_2,AH_sF2_mean_dist
408,1.0,236,cluster_0,OW_sF3_min_third
409,1.0,236,cluster_1,spectral_S_intensity
410,1.0,236,cluster_2,EH_sF4_max
411,1.0,235,cluster_0,EH_sF2_max
412,1.0,235,cluster_1,spectral_Z_intensity
413,1.0,235,cluster_2,IH_sF2_mean_dist
414,1.0,234,cluster_0,AH_sF4_mean_dist
415,1.0,234,cluster_1,spectral_Z_duration
416,1.0,234,cluster_2,K_avg_dur
417,1.0,233,cluster_0,EY_sF3_min_first
418,1.0,233,cluster_1,spectral_Z_sdev
419,1.0,233,cluster_2,L_avg_dur
420,1.0,232,cluster_0,OW_sF3_min_first
421,0.9806528798495984,232,cluster_1,rando
422,1.0,232,cluster_2,F0_std
423,1.0,231,cluster_0,EY_sF3_max_first
424,0.982225260639207,231,cluster_1,AO_sF3_mean
425,1.0,231,cluster_2,UW_sF3_mean_dist
426,1.0,230,cluster_0,EY_sF2_max_third
427,0.982225260639207,230,cluster_1,spectral_V_cog
428,1.0,230,cluster_2,AX_sF4_max
429,1.0,229,cluster_0,EY_sF3_max_third
430,0.982225260639207,229,cluster_1,AO_sF3_max
431,1.0,229,cluster_2,N_avg_dur
432,1.0,228,cluster_0,EY_sF2_max_first
433,0.982225260639207,228,cluster_1,AE_sF1_max
434,1.0,228,cluster_2,IH_sF3_mean_dist
435,1.0,227,cluster_0,EY_sF4_min_third
436,0.982225260639207,227,cluster_1,UW_sF4_mean_dist
437,1.0,227,cluster_2,AX_sF4_mean_dist
438,1.0,226,cluster_0,spectral_F_skew
439,0.982225260639207,226,cluster_1,AY_sF2_mean_first
440,1.0,226,cluster_2,AW_sF3_max_third
441,1.0,225,cluster_0,IH_sF4_mean_dist
442,0.982225260639207,225,cluster_1,AY_sF2_mean_third
443,1.0,225,cluster_2,AO_sF1_mean_dist
444,1.0,224,cluster_0,UW_sF1_min
445,0.982225260639207,224,cluster_1,AY_sF2_min_third
446,1.0,224,cluster_2,IH_sF1_mean_dist
447,1.0,223,cluster_0,AX_sF1_mean
448,0.982225260639207,223,cluster_1,AY_sF2_min_first
449,1.0,223,cluster_2,spectral_Z_duration
450,1.0,222,cluster_0,UW_sF4_min
451,0.982225260639207,222,cluster_1,IY_sF4_min
452,1.0,222,cluster_2,vowel_avg_dur
453,1.0,221,cluster_0,AX_sF1_max
454,0.982225260639207,221,cluster_1,IY_sF4_mean_dist
455,1.0,221,cluster_2,UW_sF2_min
456,1.0,220,cluster_0,L_avg_dur
457,0.982225260639207,220,cluster_1,IY_sF1_min
458,1.0,220,cluster_2,AH_sF1_mean_dist
459,1.0,219,cluster_0,spectral_V_cog
460,0.982225260639207,219,cluster_1,IY_sF4_max
461,1.0,219,cluster_2,IY_sF3_min
462,1.0,218,cluster_0,UW_sF2_min
463,0.982225260639207,218,cluster_1,AY_sF4_max_third
464,1.0,218,cluster_2,AX_sF2_mean_dist
465,1.0,217,cluster_0,AY_sF3_max_first
466,0.982225260639207,217,cluster_1,UW_sF2_mean_dist
467,1.0,217,cluster_2,spectral_DH_sdev
468,1.0,216,cluster_0,AY_sF3_max_third
469,0.982225260639207,216,cluster_1,OW_sF1_min_third
470,1.0,216,cluster_2,spectral_DH_skew
471,1.0,215,cluster_0,AY_avg_dur
472,0.982225260639207,215,cluster_1,AY_sF4_max_first
473,1.0,215,cluster_2,spectral_DH_kurt
474,1.0,214,cluster_0,spectral_V_intensity
475,0.982225260639207,214,cluster_1,AA_sF1_min
476,1.0,214,cluster_2,ER_avg_dur
477,1.0,213,cluster_0,UW_avg_dur
478,0.982225260639207,213,cluster_1,UW_sF3_min
479,1.0,213,cluster_2,AH_sF3_mean_dist
480,1.0,212,cluster_0,IY_sF2_min
481,0.982225260639207,212,cluster_1,UW_avg_dur
482,1.0,212,cluster_2,EH_sF1_max
483,1.0,211,cluster_0,AH_sF1_min
484,0.982225260639207,211,cluster_1,OW_sF2_mean_third
485,1.0,211,cluster_2,spectral_V_sdev
486,1.0,210,cluster_0,spectral_V_kurt
487,0.982225260639207,210,cluster_1,IY_sF3_mean_dist
488,1.0,210,cluster_2,AA_sF3_max
489,1.0,209,cluster_0,OW_sF1_min_third
490,0.982225260639207,209,cluster_1,UW_sF3_mean
491,1.0,209,cluster_2,IY_sF2_max
492,1.0,208,cluster_0,P_avg_dur
493,0.982225260639207,208,cluster_1,OW_sF2_mean_first
494,1.0,208,cluster_2,AO_sF2_max
495,1.0,207,cluster_0,spectral_V_sdev
496,0.982225260639207,207,cluster_1,OW_sF2_max_first
497,1.0,207,cluster_2,spectral_DH_intensity
498,1.0,206,cluster_0,spectral_Z_intensity
499,0.982225260639207,206,cluster_1,OW_sF2_max_third
500,1.0,206,cluster_2,spectral_V_kurt
501,1.0,205,cluster_0,UW_sF4_mean_dist
502,0.982225260639207,205,cluster_1,UW_sF4_min
503,1.0,205,cluster_2,AH_sF2_min
504,1.0,204,cluster_0,spectral_V_skew
505,0.982225260639207,204,cluster_1,AY_sF4_mean_third
506,1.0,204,cluster_2,NG_avg_dur
507,1.0,203,cluster_0,IY_sF1_min
508,0.982225260639207,203,cluster_1,AY_sF4_mean_first
509,1.0,203,cluster_2,spectral_V_skew
510,1.0,202,cluster_0,AX_sF2_mean
511,0.982225260639207,202,cluster_1,UW_sF1_max
512,1.0,202,cluster_2,spectral_V_cog
513,1.0,201,cluster_0,AY_sF3_mean_third
514,0.982225260639207,201,cluster_1,AY_sF4_min_first
515,1.0,201,cluster_2,UW_avg_dur
516,1.0,200,cluster_0,vowel_avg_dur
517,0.982225260639207,200,cluster_1,AY_sF2_max_first
518,1.0,200,cluster_2,D_avg_dur
519,1.0,199,cluster_0,AY_sF3_mean_first
520,0.982225260639207,199,cluster_1,UW_sF2_mean
521,1.0,199,cluster_2,IY_sF2_mean_dist
522,1.0,198,cluster_0,AY_sF3_min_first
523,0.982225260639207,198,cluster_1,AE_sF4_mean_dist
524,1.0,198,cluster_2,spectral_V_duration
525,1.0,197,cluster_0,D_avg_dur
526,0.982225260639207,197,cluster_1,AY_sF4_min_third
527,1.0,197,cluster_2,IY_avg_dur
528,1.0,196,cluster_0,spectral_V_duration
529,0.982225260639207,196,cluster_1,UW_sF1_mean
530,1.0,196,cluster_2,AE_avg_dur
531,1.0,195,cluster_0,AY_sF3_min_third
532,0.982225260639207,195,cluster_1,AE_sF1_mean
533,1.0,195,cluster_2,F0_range
534,1.0,194,cluster_0,spectral_F_cog
535,0.982225260639207,194,cluster_1,AY_sF2_max_third
536,1.0,194,cluster_2,spectral_DH_cog
537,1.0,193,cluster_0,AH_sF1_mean_dist
538,0.982225260639207,193,cluster_1,UW_sF3_mean_dist
539,1.0,193,cluster_2,AE_sF4_max
540,1.0,192,cluster_0,ER_avg_dur
541,0.982225260639207,192,cluster_1,UW_sF1_min
542,1.0,192,cluster_2,spectral_DH_duration
543,1.0,191,cluster_0,IY_sF4_mean_dist
544,0.982225260639207,191,cluster_1,UW_sF1_mean_dist
545,1.0,191,cluster_2,AE_sF1_min
546,1.0,190,cluster_0,UW_sF3_mean_dist
547,0.982225260639207,190,cluster_1,UW_sF4_mean
548,1.0,190,cluster_2,percent_creak
549,1.0,189,cluster_0,AH_sF2_mean_dist
550,0.982225260639207,189,cluster_1,UW_sF4_max
551,1.0,189,cluster_2,T_avg_dur
552,1.0,188,cluster_0,spectral_F_duration
553,0.9696462143223381,188,cluster_1,AE_sF4_mean
554,1.0,188,cluster_2,AE_sF1_max
555,1.0,187,cluster_0,UW_sF1_mean_dist
556,0.9696462143223381,187,cluster_1,AE_sF4_max
557,1.0,187,cluster_2,AE_sF1_mean
558,1.0,186,cluster_0,spectral_S_intensity
559,0.9696462143223381,186,cluster_1,AE_sF1_min
560,1.0,186,cluster_2,IH_avg_dur
561,1.0,185,cluster_0,IH_sF1_mean_dist
562,0.9696462143223381,185,cluster_1,spectral_V_skew
563,1.0,185,cluster_2,spectral_Z_skew
564,1.0,184,cluster_0,spectral_Z_skew
565,0.9696462143223381,184,cluster_1,AE_sF3_mean
566,1.0,184,cluster_2,IY_sF2_mean
567,1.0,183,cluster_0,T_avg_dur
568,0.9696462143223381,183,cluster_1,AE_avg_dur
569,1.0,183,cluster_2,spectral_Z_intensity
570,1.0,182,cluster_0,spectral_DH_kurt
571,0.9696462143223381,182,cluster_1,AE_sF2_min
572,1.0,182,cluster_2,AE_sF2_mean_dist
573,1.0,181,cluster_0,spectral_TH_skew
574,0.9696462143223381,181,cluster_1,spectral_V_kurt
575,1.0,181,cluster_2,AY_sF1_min_third
576,1.0,180,cluster_0,NG_avg_dur
577,0.9696462143223381,180,cluster_1,AE_sF4_min
578,1.0,180,cluster_2,AY_sF1_min_first
579,1.0,179,cluster_0,spectral_DH_skew
580,0.9696462143223381,179,cluster_1,AE_sF3_max
581,1.0,179,cluster_2,AY_sF1_mean_first
582,1.0,178,cluster_0,R_avg_dur
583,0.9696462143223381,178,cluster_1,AE_sF2_max
584,1.0,178,cluster_2,W_avg_dur
585,1.0,177,cluster_0,spectral_TH_kurt
586,0.9696462143223381,177,cluster_1,AE_sF2_mean
587,1.0,177,cluster_2,P_avg_dur
588,1.0,176,cluster_0,spectral_DH_sdev
589,0.9696462143223381,176,cluster_1,AE_sF1_mean_dist
590,1.0,176,cluster_2,spectral_Z_sdev
591,1.0,175,cluster_0,spectral_DH_cog
592,0.9696462143223381,175,cluster_1,HH_avg_dur
593,1.0,175,cluster_2,spectral_Z_kurt
594,1.0,174,cluster_0,W_avg_dur
595,0.9648607075713553,174,cluster_1,spectral_V_sdev
596,0.9850623824987181,174,cluster_2,rando
597,1.0,173,cluster_0,M_avg_dur
598,0.9648607075713553,173,cluster_1,spectral_V_intensity
599,0.9847889249700906,173,cluster_2,IY_sF3_mean_dist
600,1.0,172,cluster_0,spectral_TH_cog
601,0.9648607075713553,172,cluster_1,spectral_V_duration
602,0.9847889249700906,172,cluster_2,R_avg_dur
603,1.0,171,cluster_0,spectral_TH_sdev
604,0.952555118783114,171,cluster_1,spectral_JH_intensity
605,0.9847889249700906,171,cluster_2,AY_sF1_mean_third
606,1.0,170,cluster_0,spectral_TH_duration
607,0.952555118783114,170,cluster_1,Y_avg_dur
608,0.9847889249700906,170,cluster_2,AY_sF3_max_third
609,0.9846521962057768,169,cluster_0,Y_avg_dur
610,0.9402153478037942,169,cluster_1,spectral_TH_cog
611,0.9847889249700906,169,cluster_2,AY_sF3_max_first
612,0.9847889249700906,168,cluster_0,EH_sF1_mean_dist
613,0.9402153478037942,168,cluster_1,spectral_TH_intensity
614,0.9847889249700906,168,cluster_2,AY_sF3_mean_third
615,0.9846521962057768,167,cluster_0,AE_avg_dur
616,0.9402153478037942,167,cluster_1,spectral_TH_duration
617,0.9847889249700906,167,cluster_2,AY_sF3_mean_first
618,0.9848914715433259,166,cluster_0,AE_sF1_min
619,0.9402153478037942,166,cluster_1,spectral_TH_skew
620,0.9847889249700906,166,cluster_2,AY_sF3_min_first
621,0.9847547427790121,165,cluster_0,AE_sF4_mean_dist
622,0.9402153478037942,165,cluster_1,spectral_TH_sdev
623,0.9847889249700906,165,cluster_2,AY_sF3_min_third
624,0.9847205605879337,164,cluster_0,AE_sF3_mean_dist
625,0.9402153478037942,164,cluster_1,spectral_TH_kurt
626,0.9847889249700906,164,cluster_2,M_avg_dur
627,0.9695436677491027,163,cluster_0,rando
628,0.9098957443172108,163,cluster_1,B_avg_dur
629,0.981917620919501,163,cluster_2,spectral_TH_cog
630,0.9696803965134165,162,cluster_0,EH_sF1_min
631,0.9058622457699539,162,cluster_1,spectral_SH_intensity
632,0.981917620919501,162,cluster_2,spectral_TH_duration
633,0.9696803965134165,161,cluster_0,EH_sF3_min
634,0.9058622457699539,161,cluster_1,AA_sF2_min
635,0.981917620919501,161,cluster_2,spectral_TH_skew
636,0.9696803965134165,160,cluster_0,HH_avg_dur
637,0.9058622457699539,160,cluster_1,AO_avg_dur
638,0.9833532729447958,160,cluster_2,Y_avg_dur
639,0.9665014527431208,159,cluster_0,B_avg_dur
640,0.9058622457699539,159,cluster_1,AA_avg_dur
641,0.9645530678516493,159,cluster_2,AW_sF2_mean_first
642,0.9665014527431208,158,cluster_0,EH_sF2_min
643,0.9058622457699539,158,cluster_1,AO_sF1_max
644,0.9645530678516493,158,cluster_2,spectral_S_kurt
645,0.9665014527431208,157,cluster_0,EH_sF2_mean_dist
646,0.9058622457699539,157,cluster_1,AO_sF4_mean
647,0.9645530678516493,157,cluster_2,AW_sF2_min_first
648,0.9665014527431208,156,cluster_0,EH_sF2_mean
649,0.9058622457699539,156,cluster_1,AO_sF4_max
650,0.9645530678516493,156,cluster_2,EH_sF3_max
651,0.9665014527431208,155,cluster_0,EH_sF3_mean_dist
652,0.9058622457699539,155,cluster_1,AO_sF4_mean_dist
653,0.9645530678516493,155,cluster_2,EY_sF1_mean_first
654,0.9324559904289865,154,cluster_0,AX_sF1_mean_dist
655,0.9058622457699539,154,cluster_1,AO_sF4_min
656,0.9645530678516493,154,cluster_2,EY_sF1_mean_third
657,0.9324559904289865,153,cluster_0,AA_sF3_mean_dist
658,0.9058622457699539,153,cluster_1,AO_sF1_mean_dist
659,0.9645530678516493,153,cluster_2,EH_sF2_mean_dist
660,0.9324559904289865,152,cluster_0,spectral_SH_kurt
661,0.9058622457699539,152,cluster_1,AO_sF2_mean_dist
662,0.9645530678516493,152,cluster_2,EH_sF2_mean
663,0.9324559904289865,151,cluster_0,AX_sF2_min
664,0.9058622457699539,151,cluster_1,AO_sF2_max
665,0.9645530678516493,151,cluster_2,EH_sF1_min
666,0.9324559904289865,150,cluster_0,AX_sF3_mean_dist
667,0.9058622457699539,150,cluster_1,AO_sF1_mean
668,0.9645530678516493,150,cluster_2,EH_sF4_mean
669,0.9324559904289865,149,cluster_0,AX_sF4_mean_dist
670,0.9058622457699539,149,cluster_1,AO_sF1_min
671,0.9645530678516493,149,cluster_2,EH_sF2_min
672,0.9324559904289865,148,cluster_0,AX_sF2_mean_dist
673,0.9058622457699539,148,cluster_1,AO_sF2_min
674,0.9645530678516493,148,cluster_2,EH_sF3_mean_dist
675,0.9324559904289865,147,cluster_0,AX_avg_dur
676,0.9058622457699539,147,cluster_1,AO_sF2_mean
677,0.9645530678516493,147,cluster_2,spectral_F_sdev
678,0.9180652879849598,146,cluster_0,CH_avg_dur
679,0.8877798666894547,146,cluster_1,AA_sF1_mean
680,0.9645530678516493,146,cluster_2,AX_sF3_mean_dist
681,0.9023756622799521,145,cluster_0,G_avg_dur
682,0.8877798666894547,145,cluster_1,OW_sF4_min_first
683,0.9645530678516493,145,cluster_2,AX_avg_dur
684,0.9049393266108358,144,cluster_0,AA_sF3_mean
685,0.8877798666894547,144,cluster_1,OW_sF4_mean_first
686,0.9645530678516493,144,cluster_2,AX_sF1_mean_dist
687,0.9049393266108358,143,cluster_0,AO_sF4_mean_dist
688,0.8877798666894547,143,cluster_1,OW_sF4_mean_third
689,0.9645530678516493,143,cluster_2,EH_sF1_mean_dist
690,0.9049393266108358,142,cluster_0,AO_sF1_mean_dist
691,0.8877798666894547,142,cluster_1,OW_sF4_min_third
692,0.9645530678516493,142,cluster_2,EH_sF4_min
693,0.9049393266108358,141,cluster_0,EY_sF2_mean_third
694,0.8877798666894547,141,cluster_1,OW_sF4_max_third
695,0.9645530678516493,141,cluster_2,EH_sF3_mean
696,0.9049393266108358,140,cluster_0,EY_sF2_mean_first
697,0.8877798666894547,140,cluster_1,OW_sF4_max_first
698,0.9645530678516493,140,cluster_2,EH_sF4_mean_dist
699,0.9049393266108358,139,cluster_0,EY_sF4_max_first
700,0.8877798666894547,139,cluster_1,AA_sF2_mean_dist
701,0.9645530678516493,139,cluster_2,spectral_S_sdev
702,0.9049393266108358,138,cluster_0,EY_sF4_max_third
703,0.8877798666894547,138,cluster_1,AA_sF1_mean_dist
704,0.9645530678516493,138,cluster_2,spectral_F_kurt
705,0.9049393266108358,137,cluster_0,AA_sF4_mean
706,0.8877798666894547,137,cluster_1,OW_sF1_mean_third
707,0.9645530678516493,137,cluster_2,spectral_F_skew
708,0.9049393266108358,136,cluster_0,AA_sF3_max
709,0.8877798666894547,136,cluster_1,OW_sF1_min_first
710,0.9645530678516493,136,cluster_2,spectral_F_cog
711,0.9049393266108358,135,cluster_0,EY_sF2_min_first
712,0.8877798666894547,135,cluster_1,OW_sF1_mean_first
713,0.9645530678516493,135,cluster_2,EH_sF3_min
714,0.9049393266108358,134,cluster_0,AA_sF4_min
715,0.8877798666894547,134,cluster_1,AA_sF4_mean
716,0.9645530678516493,134,cluster_2,spectral_F_intensity
717,0.9049393266108358,133,cluster_0,EY_sF1_max_third
718,0.8877798666894547,133,cluster_1,AA_sF4_min
719,0.9675269184754742,133,cluster_2,EH_avg_dur
720,0.9049393266108358,132,cluster_0,EY_sF1_max_first
721,0.8877798666894547,132,cluster_1,AA_sF2_mean
722,0.952247479063408,132,cluster_2,AX_sF2_max
723,0.9049393266108358,131,cluster_0,EY_sF1_mean_first
724,0.8877798666894547,131,cluster_1,AA_sF4_max
725,0.952247479063408,131,cluster_2,AX_sF2_mean
726,0.9049393266108358,130,cluster_0,EY_sF1_mean_third
727,0.8877798666894547,130,cluster_1,AA_sF3_min
728,0.952247479063408,130,cluster_2,B_avg_dur
729,0.9049393266108358,129,cluster_0,EY_sF1_min_first
730,0.8877798666894547,129,cluster_1,OW_sF3_min_first
731,0.9547085968210562,129,cluster_2,AX_sF2_min
732,0.9049393266108358,128,cluster_0,EY_sF1_min_third
733,0.8877798666894547,128,cluster_1,OW_sF3_min_third
734,0.9394633396000683,128,cluster_2,AO_avg_dur
735,0.9049393266108358,127,cluster_0,EY_sF2_min_third
736,0.8877798666894547,127,cluster_1,AA_sF3_mean_dist
737,0.9394633396000683,127,cluster_2,AO_sF4_mean_dist
738,0.8750982737993506,126,cluster_0,AA_sF4_max
739,0.8877798666894547,126,cluster_1,AA_sF2_max
740,0.9394633396000683,126,cluster_2,OW_sF2_min_first
741,0.8750982737993506,125,cluster_0,AA_sF1_min
742,0.8877798666894547,125,cluster_1,AA_sF1_max
743,0.9394633396000683,125,cluster_2,OW_sF2_min_third
744,0.8750982737993506,124,cluster_0,AA_sF1_max
745,0.8877798666894547,124,cluster_1,AA_sF3_max
746,0.9394633396000683,124,cluster_2,AO_sF3_mean_dist
747,0.8750982737993506,123,cluster_0,AA_sF1_mean_dist
748,0.8877798666894547,123,cluster_1,AA_sF3_mean
749,0.9394633396000683,123,cluster_2,EY_sF3_mean_first
750,0.8750982737993506,122,cluster_0,AA_avg_dur
751,0.8757135532387627,122,cluster_1,OW_sF3_max_first
752,0.9394633396000683,122,cluster_2,EY_sF3_max_third
753,0.8750982737993506,121,cluster_0,AA_sF2_mean_dist
754,0.8757135532387627,121,cluster_1,OW_sF3_mean_first
755,0.9394633396000683,121,cluster_2,EY_sF3_max_first
756,0.8750982737993506,120,cluster_0,AA_sF2_min
757,0.8757135532387627,120,cluster_1,OW_sF3_mean_third
758,0.9394633396000683,120,cluster_2,EY_sF3_mean_third
759,0.8750982737993506,119,cluster_0,AA_sF2_mean
760,0.8757135532387627,119,cluster_1,OW_sF1_max_first
761,0.9394633396000683,119,cluster_2,AA_sF1_mean
762,0.8750982737993506,118,cluster_0,AA_sF2_max
763,0.8757135532387627,118,cluster_1,OW_sF3_max_third
764,0.9394633396000683,118,cluster_2,AA_sF1_min
765,0.8750982737993506,117,cluster_0,AA_sF4_mean_dist
766,0.8757135532387627,117,cluster_1,OW_sF1_max_third
767,0.9394633396000683,117,cluster_2,AA_sF4_max
768,0.8240984447103059,116,cluster_0,OW_sF4_min_first
769,0.8468296017774739,116,cluster_1,spectral_SH_sdev
770,0.9394633396000683,116,cluster_2,EY_sF1_min_third
771,0.8240984447103059,115,cluster_0,OW_sF4_mean_first
772,0.8468296017774739,115,cluster_1,spectral_SH_duration
773,0.9394633396000683,115,cluster_2,EY_sF1_min_first
774,0.8240984447103059,114,cluster_0,OW_sF4_mean_third
775,0.8468296017774739,114,cluster_1,spectral_SH_skew
776,0.9394633396000683,114,cluster_2,EY_sF3_min_third
777,0.8240984447103059,113,cluster_0,OW_sF4_max_third
778,0.8468296017774739,113,cluster_1,spectral_SH_kurt
779,0.9394633396000683,113,cluster_2,EY_sF3_min_first
780,0.8240984447103059,112,cluster_0,OW_sF4_max_first
781,0.8129892326098103,112,cluster_1,CH_avg_dur
782,0.9394633396000683,112,cluster_2,EY_sF2_max_first
783,0.8240984447103059,111,cluster_0,OW_sF4_min_third
784,0.8167492736284396,111,cluster_1,rando_baseline_z_score
785,0.9394633396000683,111,cluster_2,EY_sF2_max_third
786,0.8240984447103059,110,cluster_0,AO_sF4_max
787,0.8167492736284396,110,cluster_1,AX_sF2_max
788,0.9394633396000683,110,cluster_2,EY_sF2_mean_third
789,0.8240984447103059,109,cluster_0,AO_sF4_mean
790,0.8167492736284396,109,cluster_1,AX_sF2_mean
791,0.9394633396000683,109,cluster_2,EY_sF2_mean_first
792,0.8240984447103059,108,cluster_0,AO_sF4_min
793,0.8167492736284396,108,cluster_1,AX_avg_dur
794,0.9394633396000683,108,cluster_2,EY_avg_dur
795,0.8240984447103059,107,cluster_0,AO_sF3_mean
796,0.8167492736284396,107,cluster_1,AX_sF2_min
797,0.9394633396000683,107,cluster_2,EY_sF2_min_first
798,0.8240984447103059,106,cluster_0,AO_sF3_min
799,0.8167492736284396,106,cluster_1,EY_avg_dur
800,0.9394633396000683,106,cluster_2,EY_sF2_min_third
801,0.8240984447103059,105,cluster_0,AO_sF3_max
802,0.8167492736284396,105,cluster_1,EY_sF3_mean_third
803,0.8878482310716117,105,cluster_2,AO_sF1_min
804,0.8240984447103059,104,cluster_0,AO_sF1_mean
805,0.8167492736284396,104,cluster_1,EY_sF2_min_third
806,0.8878482310716117,104,cluster_2,AO_sF1_mean
807,0.8240984447103059,103,cluster_0,AO_sF2_max
808,0.8167492736284396,103,cluster_1,EY_sF2_min_first
809,0.8878482310716117,103,cluster_2,AO_sF2_mean
810,0.8240984447103059,102,cluster_0,AO_sF3_mean_dist
811,0.8167492736284396,102,cluster_1,EY_sF3_mean_first
812,0.8878482310716117,102,cluster_2,AO_sF1_max
813,0.8240984447103059,101,cluster_0,AO_avg_dur
814,0.8167492736284396,101,cluster_1,EY_sF3_max_third
815,0.8878482310716117,101,cluster_2,AO_sF2_min
816,0.8240984447103059,100,cluster_0,AO_sF2_min
817,0.8167492736284396,100,cluster_1,EY_sF3_max_first
818,0.8878482310716117,100,cluster_2,AO_sF3_max
819,0.8240984447103059,99,cluster_0,AO_sF1_max
820,0.8167492736284396,99,cluster_1,EY_sF3_min_third
821,0.8878482310716117,99,cluster_2,AO_sF2_mean_dist
822,0.8240984447103059,98,cluster_0,AO_sF2_mean_dist
823,0.8167492736284396,98,cluster_1,EY_sF3_min_first
824,0.8878482310716117,98,cluster_2,AO_sF3_min
825,0.8240984447103059,97,cluster_0,AO_sF2_mean
826,0.8167492736284396,97,cluster_1,EY_sF1_max_first
827,0.8878482310716117,97,cluster_2,AO_sF3_mean
828,0.8240984447103059,96,cluster_0,AO_sF1_min
829,0.8167492736284396,96,cluster_1,EY_sF1_max_third
830,0.8648436164758161,96,cluster_2,OW_sF1_max_first
831,0.7681080157238079,95,cluster_0,OW_sF1_mean_first
832,0.8167492736284396,95,cluster_1,EY_sF1_min_third
833,0.8648436164758161,95,cluster_2,OW_sF1_max_third
834,0.7681080157238079,94,cluster_0,OW_sF1_mean_third
835,0.8167492736284396,94,cluster_1,EY_sF1_min_first
836,0.8648436164758161,94,cluster_2,OW_avg_dur
837,0.7681080157238079,93,cluster_0,OW_sF1_min_first
838,0.8167492736284396,93,cluster_1,EY_sF4_min_first
839,0.8648436164758161,93,cluster_2,OW_sF2_mean_third
840,0.7681080157238079,92,cluster_0,OW_sF1_max_first
841,0.8167492736284396,92,cluster_1,EY_sF2_max_first
842,0.8648436164758161,92,cluster_2,OW_sF2_mean_first
843,0.7681080157238079,91,cluster_0,OW_sF1_max_third
844,0.8167492736284396,91,cluster_1,EY_sF2_max_third
845,0.8648436164758161,91,cluster_2,OW_sF2_max_first
846,0.7681080157238079,90,cluster_0,OW_sF2_max_third
847,0.8167492736284396,90,cluster_1,EY_sF1_mean_first
848,0.8648436164758161,90,cluster_2,OW_sF2_max_third
849,0.7681080157238079,89,cluster_0,OW_sF2_max_first
850,0.8167492736284396,89,cluster_1,EY_sF1_mean_third
851,0.8648436164758161,89,cluster_2,OW_sF1_min_first
852,0.7681080157238079,88,cluster_0,OW_sF2_mean_third
853,0.8167492736284396,88,cluster_1,EY_sF4_min_third
854,0.8648436164758161,88,cluster_2,OW_sF1_min_third
855,0.7681080157238079,87,cluster_0,OW_sF2_mean_first
856,0.8167492736284396,87,cluster_1,EY_sF4_mean_third
857,0.8648436164758161,87,cluster_2,OW_sF1_mean_third
858,0.7681080157238079,86,cluster_0,OW_sF2_min_first
859,0.8167492736284396,86,cluster_1,EY_sF4_max_first
860,0.8648436164758161,86,cluster_2,OW_sF1_mean_first
861,0.7681080157238079,85,cluster_0,OW_avg_dur
862,0.8167492736284396,85,cluster_1,EY_sF4_mean_first
863,0.801914202700393,85,cluster_2,AA_sF3_mean_dist
864,0.7677320116219449,84,cluster_0,OW_sF2_min_third
865,0.8167492736284396,84,cluster_1,EY_sF4_max_third
866,0.801914202700393,84,cluster_2,AA_avg_dur
867,0.7091437361134849,83,cluster_0,spectral_SH_cog
868,0.8167492736284396,83,cluster_1,EY_sF2_mean_third
869,0.801914202700393,83,cluster_2,AA_sF2_max
870,0.7091437361134849,82,cluster_0,spectral_JH_intensity
871,0.8167492736284396,82,cluster_1,EY_sF2_mean_first
872,0.801914202700393,82,cluster_2,AA_sF1_max
873,0.7091437361134849,81,cluster_0,spectral_JH_cog
874,0.8020509314647069,81,cluster_1,AX_sF4_mean_dist
875,0.801914202700393,81,cluster_2,AA_sF4_mean_dist
876,0.7091437361134849,80,cluster_0,spectral_JH_duration
877,0.8020509314647069,80,cluster_1,AX_sF2_mean_dist
878,0.801914202700393,80,cluster_2,AA_sF2_mean_dist
879,0.7091437361134849,79,cluster_0,spectral_JH_skew
880,0.8020509314647069,79,cluster_1,AX_sF3_mean
881,0.801914202700393,79,cluster_2,AA_sF1_mean_dist
882,0.7091437361134849,78,cluster_0,spectral_JH_kurt
883,0.8020509314647069,78,cluster_1,AX_sF3_max
884,0.801914202700393,78,cluster_2,AA_sF2_mean
885,0.7091437361134849,77,cluster_0,spectral_JH_sdev
886,0.8020509314647069,77,cluster_1,AX_sF1_mean_dist
887,0.8013672876431379,77,cluster_2,AA_sF2_min
888,0.6957443172107332,76,cluster_0,spectral_SH_duration
889,0.8020509314647069,76,cluster_1,AX_sF3_min
890,0.7577508118270381,76,cluster_2,CH_avg_dur
891,0.6957443172107332,75,cluster_0,spectral_SH_skew
892,0.8020509314647069,75,cluster_1,AX_sF3_mean_dist
893,0.7577508118270381,75,cluster_2,rando_baseline_z_score
894,0.6957443172107332,74,cluster_0,spectral_SH_intensity
895,0.8020509314647069,74,cluster_1,AX_sF4_min
896,0.7577508118270381,74,cluster_2,spectral_JH_skew
897,0.6957443172107332,73,cluster_0,spectral_SH_sdev
898,0.8020509314647069,73,cluster_1,AX_sF1_min
899,0.7577508118270381,73,cluster_2,spectral_JH_intensity
900,0.6657323534438557,72,cluster_0,rando_baseline_z_score
901,0.8020509314647069,72,cluster_1,AX_sF4_mean
902,0.7577508118270381,72,cluster_2,spectral_JH_kurt
903,0.6662450863100324,71,cluster_0,UH_sF2_mean
904,0.8020509314647069,71,cluster_1,AX_sF1_mean
905,0.7577508118270381,71,cluster_2,spectral_JH_cog
906,0.6662450863100324,70,cluster_0,UH_sF2_max
907,0.8020509314647069,70,cluster_1,AX_sF4_max
908,0.7577508118270381,70,cluster_2,spectral_JH_duration
909,0.6662450863100324,69,cluster_0,UH_sF2_min
910,0.8020509314647069,69,cluster_1,AX_sF1_max
911,0.7577508118270381,69,cluster_2,spectral_JH_sdev
912,0.6662450863100324,68,cluster_0,AW_sF1_mean_first
913,0.7869082208169543,68,cluster_1,UH_sF3_mean
914,0.7435310203384037,68,cluster_2,EL_avg_dur
915,0.6662450863100324,67,cluster_0,AW_sF2_max_first
916,0.7869082208169543,67,cluster_1,UH_sF4_mean_dist
917,0.7435310203384037,67,cluster_2,AW_sF3_mean_first
918,0.6662450863100324,66,cluster_0,AW_sF2_mean_third
919,0.7869082208169543,66,cluster_1,UH_sF3_mean_dist
920,0.7435310203384037,66,cluster_2,AW_sF2_max_first
921,0.6662450863100324,65,cluster_0,AW_sF2_max_third
922,0.7869082208169543,65,cluster_1,UH_sF3_max
923,0.7435310203384037,65,cluster_2,AW_sF3_mean_third
924,0.6662450863100324,64,cluster_0,AW_sF2_mean_first
925,0.7869082208169543,64,cluster_1,UH_sF1_mean_dist
926,0.7435310203384037,64,cluster_2,AW_sF3_max_first
927,0.6662450863100324,63,cluster_0,UH_avg_dur
928,0.7869082208169543,63,cluster_1,UH_sF4_max
929,0.7435310203384037,63,cluster_2,AW_sF3_min_third
930,0.6662450863100324,62,cluster_0,UH_sF4_mean
931,0.7869082208169543,62,cluster_1,UH_sF4_min
932,0.7435310203384037,62,cluster_2,AW_sF3_min_first
933,0.6662450863100324,61,cluster_0,UH_sF4_min
934,0.7869082208169543,61,cluster_1,UH_sF2_mean_dist
935,0.7435310203384037,61,cluster_2,AW_sF2_max_third
936,0.6662450863100324,60,cluster_0,UH_sF1_mean_dist
937,0.7869082208169543,60,cluster_1,UH_sF4_mean
938,0.7435310203384037,60,cluster_2,AW_sF4_min_first
939,0.6662450863100324,59,cluster_0,UH_sF3_max
940,0.7869082208169543,59,cluster_1,UH_sF1_min
941,0.7435310203384037,59,cluster_2,AW_sF2_min_third
942,0.6662450863100324,58,cluster_0,UH_sF1_mean
943,0.7869082208169543,58,cluster_1,UH_sF3_min
944,0.7435310203384037,58,cluster_2,AW_sF4_min_third
945,0.6662450863100324,57,cluster_0,UH_sF1_min
946,0.7869082208169543,57,cluster_1,UH_avg_dur
947,0.7435310203384037,57,cluster_2,AW_sF2_mean_third
948,0.6662450863100324,56,cluster_0,UH_sF2_mean_dist
949,0.7869082208169543,56,cluster_1,UH_sF1_max
950,0.7435310203384037,56,cluster_2,AW_sF4_max_third
951,0.6662450863100324,55,cluster_0,UH_sF3_min
952,0.7869082208169543,55,cluster_1,UH_sF1_mean
953,0.7435310203384037,55,cluster_2,AW_sF4_mean_first
954,0.6662450863100324,54,cluster_0,UH_sF3_mean
955,0.771628781404888,54,cluster_1,AW_sF4_min_first
956,0.7435310203384037,54,cluster_2,AW_sF4_max_first
957,0.6662450863100324,53,cluster_0,UH_sF1_max
958,0.771628781404888,53,cluster_1,AW_sF4_min_third
959,0.7435310203384037,53,cluster_2,AW_sF4_mean_third
960,0.6662450863100324,52,cluster_0,UH_sF4_max
961,0.771628781404888,52,cluster_1,AW_sF3_min_first
962,0.7435310203384037,52,cluster_2,AW_avg_dur
963,0.6662450863100324,51,cluster_0,UH_sF4_mean_dist
964,0.771628781404888,51,cluster_1,AW_sF3_mean_first
965,0.6983079815416168,51,cluster_2,spectral_SH_kurt
966,0.6662450863100324,50,cluster_0,UH_sF3_mean_dist
967,0.771628781404888,50,cluster_1,AW_sF2_mean_third
968,0.6983079815416168,50,cluster_2,spectral_SH_duration
969,0.620748589984618,49,cluster_0,AW_sF4_min_first
970,0.771628781404888,49,cluster_1,AW_sF3_mean_third
971,0.6983079815416168,49,cluster_2,spectral_SH_intensity
972,0.620748589984618,48,cluster_0,AW_sF4_min_third
973,0.771628781404888,48,cluster_1,AW_sF2_min_third
974,0.6983079815416168,48,cluster_2,spectral_SH_cog
975,0.620748589984618,47,cluster_0,AW_sF4_max_third
976,0.771628781404888,47,cluster_1,AW_sF4_mean_third
977,0.6983079815416168,47,cluster_2,spectral_SH_skew
978,0.620748589984618,46,cluster_0,AW_sF3_max_first
979,0.771628781404888,46,cluster_1,AW_sF3_max_first
980,0.6983079815416168,46,cluster_2,spectral_SH_sdev
981,0.620748589984618,45,cluster_0,AW_sF4_max_first
982,0.771628781404888,45,cluster_1,AW_sF4_mean_first
983,0.6983079815416168,45,cluster_2,UH_avg_dur
984,0.620748589984618,44,cluster_0,AW_sF2_min_first
985,0.771628781404888,44,cluster_1,AW_sF3_min_third
986,0.6983079815416168,44,cluster_2,UH_sF3_mean
987,0.620748589984618,43,cluster_0,AW_sF3_mean_third
988,0.771628781404888,43,cluster_1,AW_sF1_min_third
989,0.6983079815416168,43,cluster_2,UH_sF1_mean_dist
990,0.620748589984618,42,cluster_0,AW_sF3_mean_first
991,0.771628781404888,42,cluster_1,AW_sF1_min_first
992,0.6983079815416168,42,cluster_2,UH_sF3_max
993,0.620748589984618,41,cluster_0,AW_sF3_min_first
994,0.771628781404888,41,cluster_1,AW_sF1_mean_third
995,0.6983079815416168,41,cluster_2,UH_sF3_min
996,0.620748589984618,40,cluster_0,AW_sF1_max_third
997,0.771628781404888,40,cluster_1,AW_sF1_max_third
998,0.6983079815416168,40,cluster_2,UH_sF3_mean_dist
999,0.620748589984618,39,cluster_0,AW_sF2_min_third
1000,0.771628781404888,39,cluster_1,AW_sF2_max_first
1001,0.6983079815416168,39,cluster_2,UH_sF4_min
1002,0.620748589984618,38,cluster_0,AW_sF1_max_first
1003,0.771628781404888,38,cluster_1,AW_sF2_max_third
1004,0.6983079815416168,38,cluster_2,UH_sF4_max
1005,0.620748589984618,37,cluster_0,AW_sF1_mean_third
1006,0.771628781404888,37,cluster_1,AW_sF2_min_first
1007,0.6983079815416168,37,cluster_2,UH_sF2_mean
1008,0.620748589984618,36,cluster_0,AW_sF1_min_first
1009,0.771628781404888,36,cluster_1,AW_sF2_mean_first
1010,0.6983079815416168,36,cluster_2,UH_sF4_mean
1011,0.620748589984618,35,cluster_0,AW_sF3_min_third
1012,0.771628781404888,35,cluster_1,AW_sF1_max_first
1013,0.6983079815416168,35,cluster_2,UH_sF4_mean_dist
1014,0.620748589984618,34,cluster_0,AW_sF1_min_third
1015,0.771628781404888,34,cluster_1,AW_avg_dur
1016,0.6983079815416168,34,cluster_2,UH_sF2_min
1017,0.620748589984618,33,cluster_0,AW_avg_dur
1018,0.771628781404888,33,cluster_1,AW_sF4_max_third
1019,0.6983079815416168,33,cluster_2,UH_sF1_mean
1020,0.620748589984618,32,cluster_0,AW_sF3_max_third
1021,0.771628781404888,32,cluster_1,AW_sF4_max_first
1022,0.6983079815416168,32,cluster_2,UH_sF1_max
1023,0.620748589984618,31,cluster_0,AW_sF4_mean_third
1024,0.771628781404888,31,cluster_1,AW_sF3_max_third
1025,0.6983079815416168,31,cluster_2,UH_sF1_min
1026,0.620748589984618,30,cluster_0,AW_sF4_mean_first
1027,0.771628781404888,30,cluster_1,AW_sF1_mean_first
1028,0.6983079815416168,30,cluster_2,UH_sF2_max
1029,0.5756964621432233,29,cluster_0,EL_avg_dur
1030,0.7566227995214493,29,cluster_1,EL_avg_dur
1031,0.6983079815416168,29,cluster_2,UH_sF2_mean_dist
1032,0.5756964621432233,28,cluster_0,OY_sF3_max_third
1033,0.7566227995214493,28,cluster_1,OY_sF3_max_third
1034,0.6983079815416168,28,cluster_2,OY_sF1_max_third
1035,0.5756964621432233,27,cluster_0,OY_sF3_min_first
1036,0.7566227995214493,27,cluster_1,OY_sF3_min_first
1037,0.6983079815416168,27,cluster_2,OY_sF3_max_first
1038,0.5756964621432233,26,cluster_0,OY_sF3_max_first
1039,0.7566227995214493,26,cluster_1,OY_sF3_max_first
1040,0.6983079815416168,26,cluster_2,OY_sF3_mean_third
1041,0.5756964621432233,25,cluster_0,OY_sF1_max_third
1042,0.7566227995214493,25,cluster_1,OY_sF1_max_third
1043,0.6983079815416168,25,cluster_2,OY_sF4_min_first
1044,0.5756964621432233,24,cluster_0,OY_avg_dur
1045,0.7566227995214493,24,cluster_1,OY_avg_dur
1046,0.6983079815416168,24,cluster_2,OY_avg_dur
1047,0.5756964621432233,23,cluster_0,OY_sF1_mean_first
1048,0.7566227995214493,23,cluster_1,OY_sF4_max_first
1049,0.6983079815416168,23,cluster_2,OY_sF1_mean_first
1050,0.5756964621432233,22,cluster_0,OY_sF1_mean_third
1051,0.7566227995214493,22,cluster_1,OY_sF2_mean_first
1052,0.6983079815416168,22,cluster_2,OY_sF1_mean_third
1053,0.5756964621432233,21,cluster_0,OY_sF3_mean_first
1054,0.7566227995214493,21,cluster_1,OY_sF3_mean_third
1055,0.6983079815416168,21,cluster_2,OY_sF4_min_third
1056,0.5756964621432233,20,cluster_0,OY_sF3_mean_third
1057,0.7566227995214493,20,cluster_1,OY_sF1_max_first
1058,0.6983079815416168,20,cluster_2,OY_sF3_mean_first
1059,0.5756964621432233,19,cluster_0,OY_sF4_min_first
1060,0.7566227995214493,19,cluster_1,OY_sF4_min_third
1061,0.6983079815416168,19,cluster_2,OY_sF3_max_third
1062,0.5756964621432233,18,cluster_0,OY_sF4_min_third
1063,0.7566227995214493,18,cluster_1,OY_sF4_max_third
1064,0.6983079815416168,18,cluster_2,OY_sF4_mean_third
1065,0.5756964621432233,17,cluster_0,OY_sF3_min_third
1066,0.7566227995214493,17,cluster_1,OY_sF2_min_third
1067,0.6983079815416168,17,cluster_2,OY_sF3_min_first
1068,0.5756964621432233,16,cluster_0,OY_sF2_min_third
1069,0.7566227995214493,16,cluster_1,OY_sF4_mean_first
1070,0.6983079815416168,16,cluster_2,OY_sF2_min_third
1071,0.5756964621432233,15,cluster_0,OY_sF2_mean_third
1072,0.7566227995214493,15,cluster_1,OY_sF1_min_first
1073,0.6983079815416168,15,cluster_2,OY_sF2_mean_third
1074,0.5756964621432233,14,cluster_0,OY_sF2_max_first
1075,0.7566227995214493,14,cluster_1,OY_sF2_max_first
1076,0.6983079815416168,14,cluster_2,OY_sF2_max_first
1077,0.5756964621432233,13,cluster_0,OY_sF1_max_first
1078,0.7566227995214493,13,cluster_1,OY_sF1_mean_third
1079,0.6983079815416168,13,cluster_2,OY_sF1_max_first
1080,0.5756964621432233,12,cluster_0,OY_sF2_min_first
1081,0.7566227995214493,12,cluster_1,OY_sF3_min_third
1082,0.6983079815416168,12,cluster_2,OY_sF2_min_first
1083,0.5756964621432233,11,cluster_0,OY_sF4_max_third
1084,0.7566227995214493,11,cluster_1,OY_sF4_mean_third
1085,0.6983079815416168,11,cluster_2,OY_sF4_max_third
1086,0.5756964621432233,10,cluster_0,OY_sF1_min_first
1087,0.7566227995214493,10,cluster_1,OY_sF1_min_third
1088,0.6983079815416168,10,cluster_2,OY_sF1_min_first
1089,0.5756964621432233,9,cluster_0,OY_sF1_min_third
1090,0.7566227995214493,9,cluster_1,OY_sF1_mean_first
1091,0.6983079815416168,9,cluster_2,OY_sF1_min_third
1092,0.5756964621432233,8,cluster_0,OY_sF4_mean_first
1093,0.7566227995214493,8,cluster_1,OY_sF2_max_third
1094,0.6983079815416168,8,cluster_2,OY_sF3_min_third
1095,0.5756964621432233,7,cluster_0,OY_sF4_max_first
1096,0.7566227995214493,7,cluster_1,OY_sF3_mean_first
1097,0.6983079815416168,7,cluster_2,OY_sF4_mean_first
1098,0.5756964621432233,6,cluster_0,OY_sF4_mean_third
1099,0.7566227995214493,6,cluster_1,OY_sF2_min_first
1100,0.6983079815416168,6,cluster_2,OY_sF4_max_first
1101,0.5756964621432233,5,cluster_0,OY_sF2_max_third
1102,0.7566227995214493,5,cluster_1,OY_sF4_min_first
1103,0.6983079815416168,5,cluster_2,OY_sF2_max_third
1104,0.5756964621432233,4,cluster_0,OY_sF2_mean_first
1105,0.7566227995214493,4,cluster_1,OY_sF2_mean_third
1106,0.6983079815416168,4,cluster_2,OY_sF2_mean_first
1107,0.5601093830114511,3,cluster_0,AR_avg_dur
1108,0.7415826354469321,3,cluster_1,AR_avg_dur
1109,0.6983079815416168,3,cluster_2,AR_avg_dur
1110,0.5601093830114511,2,cluster_0,H_avg_dur
1111,0.7415826354469321,2,cluster_1,H_avg_dur
1112,0.6983079815416168,2,cluster_2,H_avg_dur
1113,0.5601093830114511,1,cluster_0,ZH_avg_dur
1114,0.7415826354469321,1,cluster_1,ZH_avg_dur
1115,0.6983079815416168,1,cluster_2,ZH_avg_dur
